{
  "id": "3510933",
  "name": "icon",
  "font_family": "eicon",
  "css_prefix_text": "i-",
  "description": "",
  "glyphs": [
    {
      "icon_id": "39550947",
      "name": "roles",
      "font_class": "roles",
      "unicode": "e6a2",
      "unicode_decimal": 59042
    },
    {
      "icon_id": "39216942",
      "name": "checkbox-checked-blue",
      "font_class": "checkbox-checked-blue",
      "unicode": "e6a0",
      "unicode_decimal": 59040
    },
    {
      "icon_id": "39216927",
      "name": "checkbox-checked",
      "font_class": "checkbox-checked",
      "unicode": "e6a1",
      "unicode_decimal": 59041
    },
    {
      "icon_id": "39076566",
      "name": "not selected",
      "font_class": "weixuanzhogn",
      "unicode": "e69f",
      "unicode_decimal": 59039
    },
    {
      "icon_id": "39028024",
      "name": "filter",
      "font_class": "filter1",
      "unicode": "e69d",
      "unicode_decimal": 59037
    },
    {
      "icon_id": "39028023",
      "name": "download",
      "font_class": "download2",
      "unicode": "e69e",
      "unicode_decimal": 59038
    },
    {
      "icon_id": "38604215",
      "name": "model",
      "font_class": "model",
      "unicode": "e69c",
      "unicode_decimal": 59036
    },
    {
      "icon_id": "38580580",
      "name": "guanbi",
      "font_class": "guanbi",
      "unicode": "e69b",
      "unicode_decimal": 59035
    },
    {
      "icon_id": "38531626",
      "name": "xuanzhong_danse",
      "font_class": "xuanzhong_danse",
      "unicode": "e699",
      "unicode_decimal": 59033
    },
    {
      "icon_id": "38531625",
      "name": "weixuanzhong_danse",
      "font_class": "weixuanzhong_danse",
      "unicode": "e69a",
      "unicode_decimal": 59034
    },
    {
      "icon_id": "38531691",
      "name": "jisuanqi_danse",
      "font_class": "jisuanqi_danse",
      "unicode": "e698",
      "unicode_decimal": 59032
    },
    {
      "icon_id": "38092025",
      "name": "zonetozone",
      "font_class": "zonetozone",
      "unicode": "e68c",
      "unicode_decimal": 59020
    },
    {
      "icon_id": "38092024",
      "name": "file",
      "font_class": "file1",
      "unicode": "e693",
      "unicode_decimal": 59027
    },
    {
      "icon_id": "38092023",
      "name": "question",
      "font_class": "question",
      "unicode": "e697",
      "unicode_decimal": 59031
    },
    {
      "icon_id": "38023520",
      "name": "yikoujiaquan",
      "font_class": "yikoujiaquan",
      "unicode": "e682",
      "unicode_decimal": 59010
    },
    {
      "icon_id": "36812240",
      "name": "infant",
      "font_class": "infant",
      "unicode": "e663",
      "unicode_decimal": 58979
    },
    {
      "icon_id": "36812245",
      "name": "meet",
      "font_class": "meet",
      "unicode": "e662",
      "unicode_decimal": 58978
    },
    {
      "icon_id": "36812256",
      "name": "Toddler",
      "font_class": "Toddler",
      "unicode": "e65f",
      "unicode_decimal": 58975
    },
    {
      "icon_id": "36812264",
      "name": "child",
      "font_class": "child",
      "unicode": "e661",
      "unicode_decimal": 58977
    },
    {
      "icon_id": "36811974",
      "name": "pen",
      "font_class": "pen1",
      "unicode": "e65b",
      "unicode_decimal": 58971
    },
    {
      "icon_id": "36811972",
      "name": "swap",
      "font_class": "swap",
      "unicode": "e65c",
      "unicode_decimal": 58972
    },
    {
      "icon_id": "36811973",
      "name": "勾",
      "font_class": "gou",
      "unicode": "e65d",
      "unicode_decimal": 58973
    },
    {
      "icon_id": "36811971",
      "name": "Ellipse 966 (Stroke)",
      "font_class": "a-Ellipse966Stroke",
      "unicode": "e65e",
      "unicode_decimal": 58974
    },
    {
      "icon_id": "36658734",
      "name": "roles",
      "font_class": "exchange",
      "unicode": "e65a",
      "unicode_decimal": 58970
    },
    {
      "icon_id": "36447055",
      "name": "arrow-down-1",
      "font_class": "arrow-down-1",
      "unicode": "e659",
      "unicode_decimal": 58969
    },
    {
      "icon_id": "36420273",
      "name": "fleet-manager",
      "font_class": "fleet-manager",
      "unicode": "e658",
      "unicode_decimal": 58968
    },
    {
      "icon_id": "36160575",
      "name": "edit-1",
      "font_class": "edit-1",
      "unicode": "e656",
      "unicode_decimal": 58966
    },
    {
      "icon_id": "36160577",
      "name": "add-1",
      "font_class": "add-1",
      "unicode": "e657",
      "unicode_decimal": 58967
    },
    {
      "icon_id": "36086930",
      "name": "download",
      "font_class": "download1",
      "unicode": "e653",
      "unicode_decimal": 58963
    },
    {
      "icon_id": "36086931",
      "name": "code",
      "font_class": "code",
      "unicode": "e654",
      "unicode_decimal": 58964
    },
    {
      "icon_id": "36086932",
      "name": "copy",
      "font_class": "copy1",
      "unicode": "e655",
      "unicode_decimal": 58965
    },
    {
      "icon_id": "36044674",
      "name": "setting-action-list",
      "font_class": "setting-action-list",
      "unicode": "e639",
      "unicode_decimal": 58937
    },
    {
      "icon_id": "36044675",
      "name": "loading",
      "font_class": "loading",
      "unicode": "e652",
      "unicode_decimal": 58962
    },
    {
      "icon_id": "36035855",
      "name": "lockhei",
      "font_class": "lockhei",
      "unicode": "e64e",
      "unicode_decimal": 58958
    },
    {
      "icon_id": "36035856",
      "name": "userhui",
      "font_class": "userhui",
      "unicode": "e64f",
      "unicode_decimal": 58959
    },
    {
      "icon_id": "36035857",
      "name": "lockhui",
      "font_class": "lockhui",
      "unicode": "e650",
      "unicode_decimal": 58960
    },
    {
      "icon_id": "36035858",
      "name": "userhei",
      "font_class": "userhei",
      "unicode": "e651",
      "unicode_decimal": 58961
    },
    {
      "icon_id": "35790612",
      "name": "customers",
      "font_class": "customers",
      "unicode": "e637",
      "unicode_decimal": 58935
    },
    {
      "icon_id": "35790613",
      "name": "receive",
      "font_class": "receive",
      "unicode": "e638",
      "unicode_decimal": 58936
    },
    {
      "icon_id": "35784471",
      "name": "midnight",
      "font_class": "midnight",
      "unicode": "e636",
      "unicode_decimal": 58934
    },
    {
      "icon_id": "35730262",
      "name": "explain",
      "font_class": "explain",
      "unicode": "e635",
      "unicode_decimal": 58933
    },
    {
      "icon_id": "35681596",
      "name": "五边形",
      "font_class": "wubianxing",
      "unicode": "e64b",
      "unicode_decimal": 58955
    },
    {
      "icon_id": "35680394",
      "name": "icon-minus",
      "font_class": "icon-minus",
      "unicode": "e64d",
      "unicode_decimal": 58957
    },
    {
      "icon_id": "35680043",
      "name": "pen",
      "font_class": "pen",
      "unicode": "e64c",
      "unicode_decimal": 58956
    },
    {
      "icon_id": "35537348",
      "name": "full-screen",
      "font_class": "full-screen",
      "unicode": "e643",
      "unicode_decimal": 58947
    },
    {
      "icon_id": "35455829",
      "name": "部分",
      "font_class": "bufen1",
      "unicode": "e64a",
      "unicode_decimal": 58954
    },
    {
      "icon_id": "35330209",
      "name": "未选中",
      "font_class": "weixuanzhong",
      "unicode": "e644",
      "unicode_decimal": 58948
    },
    {
      "icon_id": "35330210",
      "name": "选中",
      "font_class": "xuanzhong",
      "unicode": "e645",
      "unicode_decimal": 58949
    },
    {
      "icon_id": "35330211",
      "name": "剔除",
      "font_class": "tichu",
      "unicode": "e646",
      "unicode_decimal": 58950
    },
    {
      "icon_id": "35330212",
      "name": "全部",
      "font_class": "quanbu",
      "unicode": "e647",
      "unicode_decimal": 58951
    },
    {
      "icon_id": "35330230",
      "name": "绿色地球",
      "font_class": "lvsediqiu",
      "unicode": "e648",
      "unicode_decimal": 58952
    },
    {
      "icon_id": "35330231",
      "name": "黄色地球",
      "font_class": "huangsediqiu",
      "unicode": "e649",
      "unicode_decimal": 58953
    },
    {
      "icon_id": "35292005",
      "name": "Group 1306",
      "font_class": "a-Group1306",
      "unicode": "e642",
      "unicode_decimal": 58946
    },
    {
      "icon_id": "35291903",
      "name": "down",
      "font_class": "down",
      "unicode": "e63a",
      "unicode_decimal": 58938
    },
    {
      "icon_id": "35291904",
      "name": "icon-clock-circle",
      "font_class": "icon-clock-circle",
      "unicode": "e63b",
      "unicode_decimal": 58939
    },
    {
      "icon_id": "35291905",
      "name": "icon-delete",
      "font_class": "icon-delete",
      "unicode": "e63c",
      "unicode_decimal": 58940
    },
    {
      "icon_id": "35291906",
      "name": "zuo",
      "font_class": "zuo",
      "unicode": "e63d",
      "unicode_decimal": 58941
    },
    {
      "icon_id": "35291907",
      "name": "icon-edit",
      "font_class": "icon-edit",
      "unicode": "e63e",
      "unicode_decimal": 58942
    },
    {
      "icon_id": "35291908",
      "name": "展开-2",
      "font_class": "zhankai-2",
      "unicode": "e63f",
      "unicode_decimal": 58943
    },
    {
      "icon_id": "35291909",
      "name": "计算器",
      "font_class": "jisuanqi",
      "unicode": "e640",
      "unicode_decimal": 58944
    },
    {
      "icon_id": "35291945",
      "name": "calendar",
      "font_class": "calendar",
      "unicode": "e641",
      "unicode_decimal": 58945
    },
    {
      "icon_id": "35104122",
      "name": "编辑",
      "font_class": "bianji",
      "unicode": "e607",
      "unicode_decimal": 58887
    },
    {
      "icon_id": "4933166",
      "name": "删除",
      "font_class": "shanchu",
      "unicode": "e6cd",
      "unicode_decimal": 59085
    },
    {
      "icon_id": "35077072",
      "name": "noon",
      "font_class": "noon",
      "unicode": "e634",
      "unicode_decimal": 58932
    },
    {
      "icon_id": "34764873",
      "name": "action-list",
      "font_class": "action-list",
      "unicode": "e633",
      "unicode_decimal": 58931
    },
    {
      "icon_id": "910879",
      "name": "warn",
      "font_class": "warn",
      "unicode": "e6ad",
      "unicode_decimal": 59053
    },
    {
      "icon_id": "25613513",
      "name": "To_left",
      "font_class": "To_left",
      "unicode": "e660",
      "unicode_decimal": 58976
    },
    {
      "icon_id": "34505067",
      "name": "half-star",
      "font_class": "half-star",
      "unicode": "e632",
      "unicode_decimal": 58930
    },
    {
      "icon_id": "34501268",
      "name": "full-star",
      "font_class": "full-star",
      "unicode": "e630",
      "unicode_decimal": 58928
    },
    {
      "icon_id": "34501269",
      "name": "empty-star",
      "font_class": "empty-star",
      "unicode": "e631",
      "unicode_decimal": 58929
    },
    {
      "icon_id": "34307781",
      "name": "taobao",
      "font_class": "taobao",
      "unicode": "e62f",
      "unicode_decimal": 58927
    },
    {
      "icon_id": "34307775",
      "name": "whatsapp",
      "font_class": "whatsapp",
      "unicode": "e62e",
      "unicode_decimal": 58926
    },
    {
      "icon_id": "34307758",
      "name": "skype",
      "font_class": "skype",
      "unicode": "e62d",
      "unicode_decimal": 58925
    },
    {
      "icon_id": "34307709",
      "name": "wechat",
      "font_class": "wechat",
      "unicode": "e62c",
      "unicode_decimal": 58924
    },
    {
      "icon_id": "34307685",
      "name": "facebook",
      "font_class": "facebook",
      "unicode": "e62a",
      "unicode_decimal": 58922
    },
    {
      "icon_id": "34307616",
      "name": "line",
      "font_class": "line",
      "unicode": "e62b",
      "unicode_decimal": 58923
    },
    {
      "icon_id": "34180267",
      "name": "confirm",
      "font_class": "confirm",
      "unicode": "e601",
      "unicode_decimal": 58881
    },
    {
      "icon_id": "6664171",
      "name": "img",
      "font_class": "img1",
      "unicode": "e629",
      "unicode_decimal": 58921
    },
    {
      "icon_id": "4936694",
      "name": "setting-fill",
      "font_class": "setting-fill",
      "unicode": "e871",
      "unicode_decimal": 59505
    },
    {
      "icon_id": "32421130",
      "name": "dashboard",
      "font_class": "dashboard",
      "unicode": "e628",
      "unicode_decimal": 58920
    },
    {
      "icon_id": "32412329",
      "name": "alert",
      "font_class": "alert",
      "unicode": "e627",
      "unicode_decimal": 58919
    },
    {
      "icon_id": "32311250",
      "name": "contact-us",
      "font_class": "contact-us",
      "unicode": "e626",
      "unicode_decimal": 58918
    },
    {
      "icon_id": "32019066",
      "name": "my-rides",
      "font_class": "my-rides",
      "unicode": "e61e",
      "unicode_decimal": 58910
    },
    {
      "icon_id": "32019067",
      "name": "avail-rides",
      "font_class": "avail-rides",
      "unicode": "e620",
      "unicode_decimal": 58912
    },
    {
      "icon_id": "32019068",
      "name": "drivers",
      "font_class": "drivers",
      "unicode": "e621",
      "unicode_decimal": 58913
    },
    {
      "icon_id": "32019069",
      "name": "pymt",
      "font_class": "pymt",
      "unicode": "e622",
      "unicode_decimal": 58914
    },
    {
      "icon_id": "32019070",
      "name": "report",
      "font_class": "report",
      "unicode": "e623",
      "unicode_decimal": 58915
    },
    {
      "icon_id": "32019071",
      "name": "setting",
      "font_class": "setting",
      "unicode": "e624",
      "unicode_decimal": 58916
    },
    {
      "icon_id": "32019072",
      "name": "sch",
      "font_class": "sch",
      "unicode": "e625",
      "unicode_decimal": 58917
    },
    {
      "icon_id": "31575062",
      "name": "alarm-clock",
      "font_class": "alarm-clock",
      "unicode": "e61b",
      "unicode_decimal": 58907
    },
    {
      "icon_id": "31386948",
      "name": "menu",
      "font_class": "menu",
      "unicode": "e61f",
      "unicode_decimal": 58911
    },
    {
      "icon_id": "31387043",
      "name": "location",
      "font_class": "location",
      "unicode": "e61c",
      "unicode_decimal": 58908
    },
    {
      "icon_id": "31387100",
      "name": "copy",
      "font_class": "copy",
      "unicode": "e61d",
      "unicode_decimal": 58909
    },
    {
      "icon_id": "31386935",
      "name": "vehicle",
      "font_class": "vehicle",
      "unicode": "e61a",
      "unicode_decimal": 58906
    },
    {
      "icon_id": "31386912",
      "name": "notes",
      "font_class": "notes",
      "unicode": "e619",
      "unicode_decimal": 58905
    },
    {
      "icon_id": "31386866",
      "name": "plate",
      "font_class": "plate",
      "unicode": "e616",
      "unicode_decimal": 58902
    },
    {
      "icon_id": "31386676",
      "name": "cell",
      "font_class": "cell",
      "unicode": "e614",
      "unicode_decimal": 58900
    },
    {
      "icon_id": "31386643",
      "name": "luggage",
      "font_class": "luggage",
      "unicode": "e613",
      "unicode_decimal": 58899
    },
    {
      "icon_id": "31386544",
      "name": "user",
      "font_class": "user",
      "unicode": "e612",
      "unicode_decimal": 58898
    },
    {
      "icon_id": "31386086",
      "name": "flight-down",
      "font_class": "flight-down",
      "unicode": "e610",
      "unicode_decimal": 58896
    },
    {
      "icon_id": "31386114",
      "name": "flight-up",
      "font_class": "flight-up",
      "unicode": "e611",
      "unicode_decimal": 58897
    },
    {
      "icon_id": "31386009",
      "name": "driver",
      "font_class": "driver",
      "unicode": "e60f",
      "unicode_decimal": 58895
    },
    {
      "icon_id": "31093530",
      "name": "eye-open",
      "font_class": "eye-open",
      "unicode": "e60e",
      "unicode_decimal": 58894
    },
    {
      "icon_id": "15838447",
      "name": "comment",
      "font_class": "comment",
      "unicode": "e68f",
      "unicode_decimal": 59023
    },
    {
      "icon_id": "15838467",
      "name": "elipsis",
      "font_class": "elipsis",
      "unicode": "e690",
      "unicode_decimal": 59024
    },
    {
      "icon_id": "15838470",
      "name": "edit",
      "font_class": "edit",
      "unicode": "e691",
      "unicode_decimal": 59025
    },
    {
      "icon_id": "15838482",
      "name": "filter",
      "font_class": "filter",
      "unicode": "e692",
      "unicode_decimal": 59026
    },
    {
      "icon_id": "15838506",
      "name": "notification",
      "font_class": "notification",
      "unicode": "e694",
      "unicode_decimal": 59028
    },
    {
      "icon_id": "15838528",
      "name": "security",
      "font_class": "security",
      "unicode": "e695",
      "unicode_decimal": 59029
    },
    {
      "icon_id": "15838435",
      "name": "bad",
      "font_class": "bad",
      "unicode": "e675",
      "unicode_decimal": 58997
    },
    {
      "icon_id": "15838440",
      "name": "camera",
      "font_class": "camera",
      "unicode": "e676",
      "unicode_decimal": 58998
    },
    {
      "icon_id": "15838442",
      "name": "attachment",
      "font_class": "attachment",
      "unicode": "e67c",
      "unicode_decimal": 59004
    },
    {
      "icon_id": "15838474",
      "name": "favorite",
      "font_class": "favorite",
      "unicode": "e685",
      "unicode_decimal": 59013
    },
    {
      "icon_id": "15838475",
      "name": "file-common",
      "font_class": "file-common",
      "unicode": "e686",
      "unicode_decimal": 59014
    },
    {
      "icon_id": "15838479",
      "name": "fabulous",
      "font_class": "fabulous",
      "unicode": "e687",
      "unicode_decimal": 59015
    },
    {
      "icon_id": "15838480",
      "name": "file",
      "font_class": "file",
      "unicode": "e688",
      "unicode_decimal": 59016
    },
    {
      "icon_id": "15838483",
      "name": "good",
      "font_class": "good",
      "unicode": "e689",
      "unicode_decimal": 59017
    },
    {
      "icon_id": "15838485",
      "name": "home",
      "font_class": "home",
      "unicode": "e68a",
      "unicode_decimal": 59018
    },
    {
      "icon_id": "15838497",
      "name": "lock",
      "font_class": "lock",
      "unicode": "e68b",
      "unicode_decimal": 59019
    },
    {
      "icon_id": "15838550",
      "name": "training",
      "font_class": "training",
      "unicode": "e68d",
      "unicode_decimal": 59021
    },
    {
      "icon_id": "15838551",
      "name": "warning",
      "font_class": "warning",
      "unicode": "e68e",
      "unicode_decimal": 59022
    },
    {
      "icon_id": "15838433",
      "name": "bottom",
      "font_class": "bottom",
      "unicode": "e674",
      "unicode_decimal": 58996
    },
    {
      "icon_id": "15838545",
      "name": "top",
      "font_class": "top",
      "unicode": "e684",
      "unicode_decimal": 59012
    },
    {
      "icon_id": "15838515",
      "name": "navigation",
      "font_class": "navigation",
      "unicode": "e67d",
      "unicode_decimal": 59005
    },
    {
      "icon_id": "15838464",
      "name": "download",
      "font_class": "download",
      "unicode": "e673",
      "unicode_decimal": 58995
    },
    {
      "icon_id": "15838548",
      "name": "upload",
      "font_class": "upload",
      "unicode": "e683",
      "unicode_decimal": 59011
    },
    {
      "icon_id": "15838424",
      "name": "add",
      "font_class": "add",
      "unicode": "e66a",
      "unicode_decimal": 58986
    },
    {
      "icon_id": "15838444",
      "name": "close",
      "font_class": "close",
      "unicode": "e66c",
      "unicode_decimal": 58988
    },
    {
      "icon_id": "15838455",
      "name": "direction-down",
      "font_class": "direction-down",
      "unicode": "e66d",
      "unicode_decimal": 58989
    },
    {
      "icon_id": "15838460",
      "name": "direction-right",
      "font_class": "direction-right",
      "unicode": "e66e",
      "unicode_decimal": 58990
    },
    {
      "icon_id": "15838461",
      "name": "direction-up",
      "font_class": "direction-up",
      "unicode": "e671",
      "unicode_decimal": 58993
    },
    {
      "icon_id": "15838463",
      "name": "direction-left",
      "font_class": "direction-left",
      "unicode": "e672",
      "unicode_decimal": 58994
    },
    {
      "icon_id": "15838514",
      "name": "minus",
      "font_class": "minus",
      "unicode": "e67a",
      "unicode_decimal": 59002
    },
    {
      "icon_id": "15838530",
      "name": "select",
      "font_class": "select",
      "unicode": "e67e",
      "unicode_decimal": 59006
    },
    {
      "icon_id": "15838429",
      "name": "arrow-down",
      "font_class": "arrow-down",
      "unicode": "e667",
      "unicode_decimal": 58983
    },
    {
      "icon_id": "15838431",
      "name": "arrow-right",
      "font_class": "arrow-right",
      "unicode": "e669",
      "unicode_decimal": 58985
    },
    {
      "icon_id": "15838427",
      "name": "arrow-up-circle",
      "font_class": "arrow-up-circle",
      "unicode": "e665",
      "unicode_decimal": 58981
    },
    {
      "icon_id": "15838428",
      "name": "arrow-right-circle",
      "font_class": "arrow-right-circle",
      "unicode": "e666",
      "unicode_decimal": 58982
    },
    {
      "icon_id": "15838437",
      "name": "arrow-left-circle",
      "font_class": "arrow-left-circle",
      "unicode": "e668",
      "unicode_decimal": 58984
    },
    {
      "icon_id": "15838459",
      "name": "direction-down-circle",
      "font_class": "direction-down-circle",
      "unicode": "e66b",
      "unicode_decimal": 58987
    },
    {
      "icon_id": "15838540",
      "name": "time",
      "font_class": "time",
      "unicode": "e681",
      "unicode_decimal": 59009
    },
    {
      "icon_id": "31386434",
      "name": "user-circle",
      "font_class": "user-circle-copy",
      "unicode": "e696",
      "unicode_decimal": 59030
    },
    {
      "icon_id": "15838508",
      "name": "more",
      "font_class": "more",
      "unicode": "e679",
      "unicode_decimal": 59001
    },
    {
      "icon_id": "15838531",
      "name": "stop",
      "font_class": "stop",
      "unicode": "e680",
      "unicode_decimal": 59008
    },
    {
      "icon_id": "15838425",
      "name": "add-circle",
      "font_class": "add-circle",
      "unicode": "e664",
      "unicode_decimal": 58980
    },
    {
      "icon_id": "15838504",
      "name": "minus-circle",
      "font_class": "minus-circle",
      "unicode": "e678",
      "unicode_decimal": 59000
    },
    {
      "icon_id": "15838503",
      "name": "help",
      "font_class": "help",
      "unicode": "e677",
      "unicode_decimal": 58999
    },
    {
      "icon_id": "15838517",
      "name": "prompt",
      "font_class": "prompt",
      "unicode": "e67b",
      "unicode_decimal": 59003
    },
    {
      "icon_id": "15838471",
      "name": "eye-close",
      "font_class": "eye-close",
      "unicode": "e670",
      "unicode_decimal": 58992
    },
    {
      "icon_id": "15838532",
      "name": "success",
      "font_class": "success",
      "unicode": "e67f",
      "unicode_decimal": 59007
    },
    {
      "icon_id": "15838473",
      "name": "error",
      "font_class": "error",
      "unicode": "e66f",
      "unicode_decimal": 58991
    },
    {
      "icon_id": "30633539",
      "name": "arrow-left",
      "font_class": "arrow-left",
      "unicode": "e617",
      "unicode_decimal": 58903
    },
    {
      "icon_id": "30633540",
      "name": "arrow-up",
      "font_class": "arrow-up",
      "unicode": "e618",
      "unicode_decimal": 58904
    },
    {
      "icon_id": "30588416",
      "name": "search",
      "font_class": "search",
      "unicode": "e615",
      "unicode_decimal": 58901
    },
    {
      "icon_id": "30588276",
      "name": "elife",
      "font_class": "elife",
      "unicode": "e606",
      "unicode_decimal": 58886
    }
  ]
}
